Variable,Group1,Group2,T-Statistic,P-Value
age,0,2,-6.784707869748444,1.0241011484530834e-10
age,0,1,-4.518875805036819,6.558862263277149e-06
age,2,1,5.257978796498943,3.018092484758244e-07
