Variable,Group1,Group2,T-Statistic,P-Value
BMI,0,2,2.654028177196947,0.008523495502078801
BMI,0,1,1.5980320205473488,0.11018476321770618
BMI,2,1,-2.0767395568736045,0.03878307587259169
